{
  "accuracy": 0.8808426596445029,
  "macro_f1": 0.7410930581705268,
  "weighted_f1": 0.9109438514422462,
  "balanced_acc": 0.898823024129372,
  "per_class": {
    "none": {
      "precision": 0.996760758907913,
      "recall": 0.8772342639938459,
      "f1-score": 0.9331857129103688,
      "support": 22099.0
    },
    "Center": {
      "precision": 0.7900485436893204,
      "recall": 0.9326647564469914,
      "f1-score": 0.8554533508541393,
      "support": 698.0
    },
    "Donut": {
      "precision": 0.7815126050420168,
      "recall": 0.9117647058823529,
      "f1-score": 0.8416289592760181,
      "support": 102.0
    },
    "Edge-Loc": {
      "precision": 0.517901748542881,
      "recall": 0.8543956043956044,
      "f1-score": 0.6448937273198548,
      "support": 728.0
    },
    "Edge-Ring": {
      "precision": 0.9177700348432056,
      "recall": 0.9850411368735976,
      "f1-score": 0.9502164502164502,
      "support": 1337.0
    },
    "Loc": {
      "precision": 0.5245033112582781,
      "recall": 0.7226277372262774,
      "f1-score": 0.6078280890253261,
      "support": 548.0
    },
    "Near-full": {
      "precision": 0.8,
      "recall": 1.0,
      "f1-score": 0.8888888888888888,
      "support": 24.0
    },
    "Random": {
      "precision": 0.7017543859649122,
      "recall": 0.96,
      "f1-score": 0.8108108108108109,
      "support": 125.0
    },
    "Scratch": {
      "precision": 0.07449700924415444,
      "recall": 0.845679012345679,
      "f1-score": 0.13693153423288357,
      "support": 162.0
    },
    "accuracy": 0.8808426596445029,
    "macro avg": {
      "precision": 0.678305377499187,
      "recall": 0.898823024129372,
      "f1-score": 0.7410930581705268,
      "support": 25823.0
    },
    "weighted avg": {
      "precision": 0.9553146736689265,
      "recall": 0.8808426596445029,
      "f1-score": 0.9109438514422462,
      "support": 25823.0
    }
  },
  "confusion": [
    [
      19386,
      162,
      8,
      510,
      96,
      306,
      0,
      30,
      1601
    ],
    [
      22,
      651,
      7,
      1,
      0,
      9,
      0,
      4,
      4
    ],
    [
      0,
      0,
      93,
      0,
      0,
      5,
      0,
      3,
      1
    ],
    [
      10,
      3,
      0,
      622,
      21,
      32,
      4,
      7,
      29
    ],
    [
      2,
      0,
      0,
      18,
      1317,
      0,
      0,
      0,
      0
    ],
    [
      19,
      8,
      11,
      40,
      0,
      396,
      0,
      7,
      67
    ],
    [
      0,
      0,
      0,
      0,
      0,
      0,
      24,
      0,
      0
    ],
    [
      0,
      0,
      0,
      3,
      0,
      0,
      2,
      120,
      0
    ],
    [
      10,
      0,
      0,
      7,
      1,
      7,
      0,
      0,
      137
    ]
  ],
  "best_val_macro_f1": 0.7269517425354742
}