{
  "auroc": 0.8310194994995909,
  "n_positive": 3724,
  "n_negative": 22099,
  "score_mean_pos": 0.027027225121855736,
  "score_mean_neg": 0.01329418458044529,
  "per_class_mean_score": {
    "center": 0.03386274352669716,
    "donut": 0.03637416660785675,
    "edge-loc": 0.023690370842814445,
    "edge-ring": 0.024909939616918564,
    "loc": 0.019831333309412003,
    "near-full": 0.09111727029085159,
    "none": 0.01329418458044529,
    "random": 0.058963607996702194,
    "scratch": 0.014364265836775303
  }
}